{"hash":"53ac2e7ab5a7f2d0c3f141f970ec27e2f42fdb44","data":{"metadata":{"siteUrl":"https://www.practice.inc/","sanityOptions":{"projectId":"5jvqe8pe","dataset":"production"}},"sanityProcessMeta":{"metaCard":{"metaTitle":"Process","metaKeywords":"design, strategy, graphic design, branding, brand, brand design, logo design, ritual, glowbar, allkinds, commonry, ritual brand, commonry brand, allkinds, brand, glowbar brand, michelle mattar, copywriting, direct consumer brands, web design, packaging design, unboxing, ritual packaging, glowbar website, ritual website, ritual web design, ritual website design, her social app branding, her app branding, allkinds packaging, allkinds website, allkinds logo, allkinds packaging design, allkinds web design, allkinds website design, commonry website design, commonry packaging design, commonry marketing, ritual marketing, allkinds marketing","metaDescription":"Practice is a creative brand building house led by Michelle Mattar.","openImage":{"asset":{"url":"https://cdn.sanity.io/images/5jvqe8pe/production/9d718577b7b3545beb69cde3eff577445d2cb42c-800x420.jpg"}},"openTitle":"Process","openGraphDescription":"A strategic and creative launch department. We're launching ourselves next year.","twitterImage":{"asset":{"url":"https://cdn.sanity.io/images/5jvqe8pe/production/9d718577b7b3545beb69cde3eff577445d2cb42c-800x420.jpg"}},"twitterTitle":"Process","twitterDescription":"A strategic and creative launch department. We're launching ourselves next year."}},"sanityProcessCover":{"stickerObj":{"transformation":0,"image":{"caption":"Making Together","image":{"asset":{"url":"https://cdn.sanity.io/images/5jvqe8pe/production/5e5024075caafa7f16e852e7a617e94d73932f8a-1200x1200.gif"}}}},"headline":"Our Method","description":"We’re not a brand agency or a design studio; we’re a creative firm that builds brands from end to end. ","media":[{"_type":"image","asset":{"url":"https://cdn.sanity.io/images/5jvqe8pe/production/d3bb38f3d6015ced211392246b8b1683aa0450ff-2738x1382.gif"}}],"tabletMedia":[{"_type":"image","asset":{"url":"https://cdn.sanity.io/images/5jvqe8pe/production/0fd41cb876b7d14d6c79d26e7e4dea0e2fecaae9-1668x2004.gif"}}],"mobileMedia":[{"_type":"image","asset":{"url":"https://cdn.sanity.io/images/5jvqe8pe/production/6555094c046722dc5544dd0482eb8c65559f555d-563x840.gif"}}]},"sanityWorkWithSection":{"sectionTitle":"Who we work with","stages":[{"_key":"4343c1bff5e3","_type":null,"title":"Early Stage","description":"We help companies that are just starting out transform their idea into a brand that’s ready to present to investors. We also collaborate with companies and venture funds to incubate an idea for a brand or explore the landscape of a category."},{"_key":"8a38bd0eca21","_type":null,"title":"Launch Stage","description":"We equip launch stage clients with all of the creative support they need to take their visions from zero to 100. From design to strategy to messaging and more, we’ll work with you to build a compelling brand that brings your mission to life and supports its growth as you scale."},{"_key":"6299e6107727","_type":null,"title":"Established Brands","description":"For brands looking to evolve, we offer strategic brand refreshes or full rebrands. Our research-driven approach carefully explores your existing success and untapped opportunities, ensuring brand growth without compromising the equity you've already built."}]},"sanityPhaseOne":{"headline":"Laying the groundwork","description":"In this phase, we question and establish the reason the brand exists and the product offering. Then we distill it into a visual identity and messaging system that’s designed to communicate.","include":["Brand Naming","Brand Identity","Product Naming","Brand Strategy","Tone of Voice","Brand Architecture"],"imageSlideshow":[{"_key":"adad86334a3e","image":{"asset":{"url":"https://cdn.sanity.io/images/5jvqe8pe/production/813bae692578a66ce8279c2aeb3c2589671d39fa-2740x1533.jpg"}}},{"_key":"48eedf04ab12","image":{"asset":{"url":"https://cdn.sanity.io/images/5jvqe8pe/production/afbdea0f6368cc696786baa32e242d972c9cddca-1307x1638.jpg"}}},{"_key":"00fe8da9e5bb","image":{"asset":{"url":"https://cdn.sanity.io/images/5jvqe8pe/production/955231dfae9e149e9b89a8e889797b4b2d0ba12a-2370x1204.jpg"}}},{"_key":"112d9fe6cc85","image":{"asset":{"url":"https://cdn.sanity.io/images/5jvqe8pe/production/a58c8fd16c53da4fed59dc5a9312086c4838a393-1500x1376.jpg"}}},{"_key":"a379daa17515","image":{"asset":{"url":"https://cdn.sanity.io/images/5jvqe8pe/production/f05d17720006c1f79dbaf833b0332b0a076040d4-1307x1638.jpg"}}},{"_key":"b58708f13892","image":{"asset":{"url":"https://cdn.sanity.io/images/5jvqe8pe/production/387b314be3596a41844bfd2fec17164b5e728de2-3000x3387.jpg"}}},{"_key":"449053436b87","image":{"asset":{"url":"https://cdn.sanity.io/images/5jvqe8pe/production/ab12aab03e307d3ab19ea07b3064630082a8cb60-2500x2602.jpg"}}},{"_key":"67d19fd6caab","image":{"asset":{"url":"https://cdn.sanity.io/images/5jvqe8pe/production/67e5d2d221393bb494253e8f5f70bd429e378955-1606x2016.jpg"}}}],"phases":[{"_key":"c91308d556b7","enableFull":null,"thisPhase":{"title":"Brand Building","slug":{"current":"journa-brand-building"},"belongsToCase":{"slug":{"current":"journa"},"caseSvg":"<svg width=\"447\" height=\"105\" viewBox=\"0 0 447 105\" fill=\"none\" xmlns=\"http://www.w3.org/2000/svg\">\n<path d=\"M0 84.0415H24.7974C34.4466 84.0415 40.4644 78.2312 40.4644 66.6106V18.7796H19.5059V0H43.3695C53.745 0 62.0454 8.40415 62.0454 18.6759V68.0632C62.0454 91.408 50.6324 103.132 28.3251 103.132H0V84.0415Z\" fill=\"#0B182B\" style=\"fill:#0B182B;fill:color(display-p3 0.0431 0.0941 0.1686);fill-opacity:1;\"/>\n<path d=\"M68.0632 62.4604C68.0632 37.5592 85.4941 19.9209 111.018 19.9209C136.645 19.9209 154.387 37.4555 154.387 62.4604C154.387 87.4653 136.853 105 111.018 105C85.3903 105 68.0632 87.3616 68.0632 62.4604ZM111.122 86.2203C122.431 86.2203 133.221 78.0236 133.221 62.4604C133.221 46.7934 122.327 38.7005 111.122 38.7005C100.02 38.7005 89.5405 46.7934 89.5405 62.4604C89.4367 78.0236 100.02 86.2203 111.122 86.2203Z\" fill=\"#0B182B\" style=\"fill:#0B182B;fill:color(display-p3 0.0431 0.0941 0.1686);fill-opacity:1;\"/>\n<path d=\"M260.84 21.6842H281.591V40.0488H267.376C263.33 40.0488 260.01 43.369 260.01 47.4154V103.132H239.051V43.784C239.155 28.947 246.522 21.6842 260.84 21.6842Z\" fill=\"#0B182B\" style=\"fill:#0B182B;fill:color(display-p3 0.0431 0.0941 0.1686);fill-opacity:1;\"/>\n<path d=\"M361.067 62.5636C361.067 38.9074 377.668 20.1278 401.739 20.1278C413.152 20.1278 420.83 25.9381 426.225 31.4371V21.6841H446.976V103.235H426.225V93.4825C420.83 99.2928 413.048 104.999 401.739 104.999C377.564 104.896 361.067 86.1159 361.067 62.5636ZM404.229 86.2197C415.85 86.2197 425.81 77.0892 425.81 62.5636C425.81 48.0379 415.746 38.9074 404.229 38.9074C392.09 38.9074 382.544 47.8304 382.544 62.5636C382.544 77.0892 392.193 86.2197 404.229 86.2197Z\" fill=\"#0B182B\" style=\"fill:#0B182B;fill:color(display-p3 0.0431 0.0941 0.1686);fill-opacity:1;\"/>\n<path d=\"M208.963 66.2989V21.5806H230.129V69.4116C230.129 86.7386 220.895 104.999 195.371 104.999C169.847 104.999 160.717 86.6349 160.717 69.4116V21.5806H181.779V66.2989C181.779 77.0894 187.486 83.7297 195.475 83.7297C203.464 83.7297 209.067 77.0894 208.963 66.2989Z\" fill=\"#0B182B\" style=\"fill:#0B182B;fill:color(display-p3 0.0431 0.0941 0.1686);fill-opacity:1;\"/>\n<path d=\"M306.803 58.5175V103.236H285.637V55.4048C285.637 38.0778 294.872 19.8169 320.395 19.8169C345.919 19.8169 355.049 38.1815 355.049 55.4048V103.236H333.987V58.5175C333.987 47.727 328.281 41.0866 320.292 41.0866C312.302 40.9829 306.803 47.6232 306.803 58.5175Z\" fill=\"#0B182B\" style=\"fill:#0B182B;fill:color(display-p3 0.0431 0.0941 0.1686);fill-opacity:1;\"/>\n</svg>\n"},"imageObj":{"image":{"asset":{"url":"https://cdn.sanity.io/images/5jvqe8pe/production/e07e5555b98895e8f3a2b17575990d3d26e56d51-2738x1034.jpg"}}}}},{"_key":"e8de7d4ff120","enableFull":null,"thisPhase":{"title":"Brand Building","slug":{"current":"remedy-brand-building"},"belongsToCase":{"slug":{"current":"remedy"},"caseSvg":"<?xml version=\"1.0\" encoding=\"utf-8\"?>\n<!-- Generator: Adobe Illustrator 28.0.0, SVG Export Plug-In . SVG Version: 6.00 Build 0)  -->\n<svg version=\"1.1\" id=\"Layer_1\" xmlns=\"http://www.w3.org/2000/svg\" xmlns:xlink=\"http://www.w3.org/1999/xlink\" x=\"0px\" y=\"0px\"\n\t viewBox=\"0 0 532 104\" style=\"enable-background:new 0 0 532 104;\" xml:space=\"preserve\">\n<style type=\"text/css\">\n\t.st0{fill:#123256;}\n</style>\n<g>\n\t<path class=\"st0\" d=\"M84.9,100.4H58.4L46.5,63.6H37v36.8H12.6V3.6h36.8c21.1,0,32.8,13.3,32.8,29.9c0,10.1-4.3,19.3-13,24.9\n\t\tL84.9,100.4z M37,25.6v18h11.9c6.3,0,9.9-4.1,9.9-9c0-5-3.6-9-9.9-9L37,25.6z\"/>\n\t<path class=\"st0\" d=\"M91.6,100.4V3.6h55.3v22.2h-31v14.8h28.8v21.6h-28.8v16h31v22.2C146.9,100.4,91.6,100.4,91.6,100.4z\"/>\n\t<path class=\"st0\" d=\"M229.4,72.1V20c0-10.6-6.5-17.3-16.2-17.3c-9,0-14.8,6.4-18.2,13.2l-42.7,84.5h26.3l26.3-54.8\n\t\tc2.1-4.6,3.8-8.3,5.2-13.3V84c0,10.5,6.3,17.3,15.1,17.3c8.5,0,13.7-4.9,17.5-12.8L262,47.2c2.4-5.2,3.8-9.2,5.6-15.1v68.3h23.1\n\t\tv-80c0-10.5-5.9-17.7-15.9-17.7c-9.9,0-15.5,5.9-19.6,14.2L229.4,72.1z\"/>\n\t<path class=\"st0\" d=\"M302.5,100.4V3.6h55.3v22.2h-31v14.8h28.8v21.6h-28.8v16h31v22.2C357.8,100.4,302.5,100.4,302.5,100.4z\"/>\n\t<path class=\"st0\" d=\"M369.4,100.4V3.6H393c38.2,0,55.5,21.1,55.5,48.3c0,26.9-17.5,48.3-55.5,48.3h-23.6V100.4z M393.7,78.4h1.6\n\t\tc16,0,27.8-8.1,27.8-26.3c0-18-11.5-26.3-27.6-26.3h-2v52.6H393.7z\"/>\n\t<path class=\"st0\" d=\"M481,40.4L467.5,3.6h-26.9l28.5,66.9l0.4,29.9c4.5,0,20.2,0,24.7,0c0-10.5,0-29.6,0-29.6s17.1-45.4,25.2-67.2\n\t\th-25.6L481,40.4z\"/>\n</g>\n</svg>\n"},"imageObj":{"image":{"asset":{"url":"https://cdn.sanity.io/images/5jvqe8pe/production/fad3d1c3f76a7dc6ed0a5902a8ff61db97714dfe-2738x1034.jpg"}}}}},{"_key":"0b386d640028","enableFull":null,"thisPhase":{"title":"Brand Building","slug":{"current":"innerwork-brand-building"},"belongsToCase":{"slug":{"current":"innerwork"},"caseSvg":"<?xml version=\"1.0\" encoding=\"UTF-8\"?>\n<svg xmlns=\"http://www.w3.org/2000/svg\" version=\"1.1\" viewBox=\"0 0 937 149\">\n  <defs>\n    <style>\n      .cls-1 {\n        fill: #2e2d29;\n      }\n    </style>\n  </defs>\n  <!-- Generator: Adobe Illustrator 28.7.1, SVG Export Plug-In . SVG Version: 1.2.0 Build 142)  -->\n  <g>\n    <g id=\"Layer_1\">\n      <path class=\"cls-1\" d=\"M664.9,5.9c-38.9,0-67.3,29-67.3,68.7s27.7,68.5,67.5,68.5,67.7-29.6,67.7-68.7-27.8-68.5-67.9-68.5ZM665.1,125.7c-28.2,0-47.9-21.2-47.9-51.1s19.1-51.3,47.9-51.3,48.1,21.6,48.1,51.3-19.1,51.1-48.1,51.1ZM823,44.9c0-23.6-15.5-36.3-40.1-36.3h-41.7v132h18.7v-58.2h14.7l36.7,58.2h20l-37.4-59.4c17.2-3.9,29.1-16.9,29.1-36.3h0ZM759.8,25h22.1c13.4,0,21.6,7.9,21.6,20.1s-8.3,20.9-21.6,20.9h-22.1V25ZM927.5,140.6h-22.3l-50.5-60.3v60.3h-18.7V8.6h18.7v57l47.9-57h22.3l-53.8,62.9,56.4,69ZM326.7,135.3h-32.1v-62.1h23.1c13.7,0,17.4,4,17.8,18.3h2.8v-41.7h-2.8c-.4,15-4.1,18.3-17.8,18.3h-23.1V13.9h33.8c19.2,0,25.5,2.1,26,26.4h2.8V8.6h-122.5v2.3c11.6,0,16.9,4.8,16.9,20.8v82.5L184.4,8.6h-61.6v2.3c11.6,0,16.9,4.8,16.9,20.8v82.5L72.5,8.6H9.5v2.3c9.9,0,12.7.9,12.7,13.9v99.6c0,12.8-2.8,13.9-12.7,13.9v2.3h73.4v-2.3c-11.6,0-17.8-4.8-17.8-20.6V18.3l77.6,122.3h3V31.5c0-16.2,3.2-20.6,12.7-20.6,9.5.4,12.5,2.3,12.5,13.9v93.1c0,16.2-3,20.4-12.5,20.4v2.3h36.4v-2.3c-11.6,0-17.8-4.8-17.8-20.6V18.3l77.6,122.3h3V31.5c0-16.2,3.2-20.6,12.7-20.6s12.5.9,12.5,13.9v99.6c0,12.8-3,13.9-12.5,13.9v2.3h88.8v-37.7h-2.8c-1.2,28-5.8,32.4-29.6,32.4h0ZM58.9,117.9c0,16.2-3,20.4-12.5,20.4s-12.3-1.1-12.3-13.9V24.8c0-13,2.8-13.9,12.3-13.9,9.5.4,12.5,2.3,12.5,13.9v93.1ZM450.9,124.6l-30.8-48.4c18.8-4.2,32-17.1,32-34.7s-21.1-32.9-44-32.9h-43.3v2.3c9.3,0,12.5.9,12.5,13.9v99.6c0,13-3.2,13.9-12.5,13.9v2.3h37.5v-2.3c-9.3,0-13.2-.9-13.2-13.9v-46.8h18.1l39.9,63h21.6v-2.3c-8.3-.5-10.7-2.5-17.9-13.7h0ZM406.1,72.5h-16.9V13.9h16.9c21.8,0,33.1,11.3,33.1,30.1s-12,28.5-33.1,28.5h0ZM498.6,140.6h-3l-37.3-113.7c-3.9-12-6.3-16-13-16v-2.3h33.8v2.3c-10,0-12.7,3-8.4,16l29.6,90.8,22-62.3-9.7-28.5c-3.9-12.1-6.2-16-12.8-16v-2.3h33.6v2.3c-9.9,0-12.7,3-8.4,16l6.7,20.7,4.5,14.1,17.2,53.3,34.3-106.4h19.1l-43.1,132h-20.6l-21.5-64.8\"/>\n    </g>\n  </g>\n</svg>"},"imageObj":{"image":{"asset":{"url":"https://cdn.sanity.io/images/5jvqe8pe/production/949a1eb0927d0b58a664f035ea70c83c0c847de4-1600x603.gif"}}}}},{"_key":"4fc157a1cf55","enableFull":null,"thisPhase":{"title":"Brand Building","slug":{"current":"clarify-brand-building"},"belongsToCase":{"slug":{"current":"clarify"},"caseSvg":"<?xml version=\"1.0\" encoding=\"UTF-8\"?><svg id=\"Layer_2\" xmlns=\"http://www.w3.org/2000/svg\" viewBox=\"0 0 1200 417.06\"><defs><style>.cls-1{fill:#313131;stroke-width:0px;}</style></defs><g id=\"Layer_1-2\"><path class=\"cls-1\" d=\"m154.55,35.31c47.74,0,86.8,27.35,93.95,65.15.35,1.83,1.88,3.18,3.74,3.18h33.53c2.36,0,4.21-2.14,3.78-4.46C278.72,41.42,222.52,0,154.55,0,74.75,0,0,53.2,0,164.18s74.29,164.18,154.55,164.18c69.36,0,125.61-41.47,134.7-99.29.36-2.29-1.48-4.35-3.8-4.35h-32.68c-1.89,0-3.44,1.4-3.76,3.26-6.37,37.76-45.87,65.07-94.47,65.07-66.96,0-114.19-45.4-114.19-128.87S87.59,35.31,154.55,35.31Z\"/><rect class=\"cls-1\" x=\"320.62\" y=\"3.65\" width=\"36.69\" height=\"321.04\" rx=\"3.82\" ry=\"3.82\"/><path class=\"cls-1\" d=\"m483.18,92.18h-66.6c-2.11,0-3.82,1.71-3.82,3.82v23.71c0,2.11,1.72,3.83,3.83,3.82l65.67-.17c39.44,0,61.91,19.26,61.91,50.9,0,7.34-4.59,12.38-14.68,12.38h-52.28c-55.95,0-92.18,27.98-92.18,72s31.64,69.71,80.26,69.71c35.77,0,66.5-16.97,78.88-43.57v36.08c0,2.11,1.71,3.82,3.82,3.82h29.04c2.11,0,3.82-1.71,3.82-3.82v-142.93c0-51.36-37.6-85.76-97.68-85.76Zm60.99,128.41c0,47.69-27.06,76.59-73.38,76.59-29.35,0-48.15-15.13-48.15-38.98,0-27.06,22.47-43.57,56.87-43.57h64.66v5.96Z\"/><path class=\"cls-1\" d=\"m737.15,92.18h-71.54c-33.02,0-50.91,17.89-50.91,50.9v177.94c0,2.29,1.38,3.67,3.67,3.67h30.73c2.29,0,3.67-1.38,3.67-3.67V124.74h84.38c2.29,0,3.67-1.38,3.67-3.67v-25.22c0-2.29-1.38-3.67-3.67-3.67Z\"/><path class=\"cls-1\" d=\"m800.72,92.18h-31.19c-1.83,0-3.21,1.38-3.21,3.67v225.17c0,2.29,1.38,3.67,3.21,3.67h31.19c1.83,0,3.21-1.38,3.21-3.67V95.85c0-2.29-1.38-3.67-3.21-3.67Z\"/><path class=\"cls-1\" d=\"m805.53,3.66h-40.36c-2.29,0-3.67,1.38-3.67,3.67v40.36c0,1.83,1.38,3.21,3.67,3.21h40.36c1.83,0,3.21-1.38,3.21-3.21V7.33c0-2.29-1.38-3.67-3.21-3.67Z\"/><path class=\"cls-1\" d=\"m973.57,3.66h-48.15c-33.02,0-50.9,17.89-50.9,50.9v37.62h-43.57c-1.83,0-3.21,1.38-3.21,3.67v23.39c0,1.83,1.38,3.67,3.21,3.67h43.57v198.12c0,2.29,1.38,3.67,3.67,3.67h30.73c2.29,0,3.67-1.38,3.67-3.67V122.91h60.99c2.29,0,3.67-1.83,3.67-3.67v-23.39c0-2.29-1.38-3.67-3.67-3.67h-60.99v-58.25h60.99c2.29,0,3.67-1.38,3.67-3.21V7.33c0-2.29-1.38-3.67-3.67-3.67Z\"/><path class=\"cls-1\" d=\"m1196.17,92.37h-30.35c-1.61,0-3.06,1.01-3.6,2.54l-64.67,180.91-64.67-180.91c-.54-1.52-1.98-2.54-3.6-2.54h-29.9c-2.66,0-4.5,2.64-3.59,5.14l84.33,229.67-27.72,84.88c-.81,2.47,1.03,5.01,3.63,5.01h27.3c1.64,0,3.1-1.05,3.62-2.6l41.32-122.6,71.49-194.35c.92-2.49-.93-5.14-3.59-5.14Z\"/></g></svg>"},"imageObj":{"image":{"asset":{"url":"https://cdn.sanity.io/images/5jvqe8pe/production/a29529e6d90da3e48bcfddcab89f04dc7ed935e0-1700x654.gif"}}}}}]},"sanityPhaseTwo":{"headline":"Building core strengths","description":"To establish a great brand, you need it to be thoughtfully reflected in every touchpoint. Here, we take the brand vision and bring it to life through customer-facing applications.","include":["Packaging Systems","UX & Web Design","Art Direction & Production","Content Creation","Systems Design","Interior Vision & Signage"],"imageSlideshow":[{"_key":"9718c1c15ec7","image":{"asset":{"url":"https://cdn.sanity.io/images/5jvqe8pe/production/400d4ff51bc4d92af99db5551b5f6cd329b8323f-2738x1040.jpg"}}},{"_key":"4f3fbfe2a277","image":{"asset":{"url":"https://cdn.sanity.io/images/5jvqe8pe/production/3f2969aac19386d3d6381b213bcab224bdd8a56a-1307x1638.jpg"}}},{"_key":"2d238f9b9263","image":{"asset":{"url":"https://cdn.sanity.io/images/5jvqe8pe/production/31d59675a827d0ed58c2da019320b6363639f6ea-1307x1638.jpg"}}},{"_key":"bdde5e939176","image":{"asset":{"url":"https://cdn.sanity.io/images/5jvqe8pe/production/60c5971a4f62dc2c2b104d191fd4a22b650256d1-1500x1376.jpg"}}},{"_key":"53ee64efa250","image":{"asset":{"url":"https://cdn.sanity.io/images/5jvqe8pe/production/c7cd6607b92896b16681e3b05059ca9b1c4c7740-1512x2016.jpg"}}},{"_key":"19536f614d49","image":{"asset":{"url":"https://cdn.sanity.io/images/5jvqe8pe/production/7786ba148943e19c13e84eb465b95fa64040d4e3-1512x2016.jpg"}}},{"_key":"81e8e93b9d3d","image":{"asset":{"url":"https://cdn.sanity.io/images/5jvqe8pe/production/4e7c5ba053db335321eb937aef502e957c6f8f3c-1500x1376.jpg"}}}],"phases":[{"_key":"447b35188644","enableFull":null,"thisPhase":{"title":"Touchpoints","slug":{"current":"journa-core-touchpoints"},"imageObj":{"image":{"asset":{"url":"https://cdn.sanity.io/images/5jvqe8pe/production/fe9cae19dd0d36317bb3a20af5d65f1ca3cde4da-2738x1034.jpg"}}},"belongsToCase":{"slug":{"current":"journa"},"caseSvg":"<svg width=\"447\" height=\"105\" viewBox=\"0 0 447 105\" fill=\"none\" xmlns=\"http://www.w3.org/2000/svg\">\n<path d=\"M0 84.0415H24.7974C34.4466 84.0415 40.4644 78.2312 40.4644 66.6106V18.7796H19.5059V0H43.3695C53.745 0 62.0454 8.40415 62.0454 18.6759V68.0632C62.0454 91.408 50.6324 103.132 28.3251 103.132H0V84.0415Z\" fill=\"#0B182B\" style=\"fill:#0B182B;fill:color(display-p3 0.0431 0.0941 0.1686);fill-opacity:1;\"/>\n<path d=\"M68.0632 62.4604C68.0632 37.5592 85.4941 19.9209 111.018 19.9209C136.645 19.9209 154.387 37.4555 154.387 62.4604C154.387 87.4653 136.853 105 111.018 105C85.3903 105 68.0632 87.3616 68.0632 62.4604ZM111.122 86.2203C122.431 86.2203 133.221 78.0236 133.221 62.4604C133.221 46.7934 122.327 38.7005 111.122 38.7005C100.02 38.7005 89.5405 46.7934 89.5405 62.4604C89.4367 78.0236 100.02 86.2203 111.122 86.2203Z\" fill=\"#0B182B\" style=\"fill:#0B182B;fill:color(display-p3 0.0431 0.0941 0.1686);fill-opacity:1;\"/>\n<path d=\"M260.84 21.6842H281.591V40.0488H267.376C263.33 40.0488 260.01 43.369 260.01 47.4154V103.132H239.051V43.784C239.155 28.947 246.522 21.6842 260.84 21.6842Z\" fill=\"#0B182B\" style=\"fill:#0B182B;fill:color(display-p3 0.0431 0.0941 0.1686);fill-opacity:1;\"/>\n<path d=\"M361.067 62.5636C361.067 38.9074 377.668 20.1278 401.739 20.1278C413.152 20.1278 420.83 25.9381 426.225 31.4371V21.6841H446.976V103.235H426.225V93.4825C420.83 99.2928 413.048 104.999 401.739 104.999C377.564 104.896 361.067 86.1159 361.067 62.5636ZM404.229 86.2197C415.85 86.2197 425.81 77.0892 425.81 62.5636C425.81 48.0379 415.746 38.9074 404.229 38.9074C392.09 38.9074 382.544 47.8304 382.544 62.5636C382.544 77.0892 392.193 86.2197 404.229 86.2197Z\" fill=\"#0B182B\" style=\"fill:#0B182B;fill:color(display-p3 0.0431 0.0941 0.1686);fill-opacity:1;\"/>\n<path d=\"M208.963 66.2989V21.5806H230.129V69.4116C230.129 86.7386 220.895 104.999 195.371 104.999C169.847 104.999 160.717 86.6349 160.717 69.4116V21.5806H181.779V66.2989C181.779 77.0894 187.486 83.7297 195.475 83.7297C203.464 83.7297 209.067 77.0894 208.963 66.2989Z\" fill=\"#0B182B\" style=\"fill:#0B182B;fill:color(display-p3 0.0431 0.0941 0.1686);fill-opacity:1;\"/>\n<path d=\"M306.803 58.5175V103.236H285.637V55.4048C285.637 38.0778 294.872 19.8169 320.395 19.8169C345.919 19.8169 355.049 38.1815 355.049 55.4048V103.236H333.987V58.5175C333.987 47.727 328.281 41.0866 320.292 41.0866C312.302 40.9829 306.803 47.6232 306.803 58.5175Z\" fill=\"#0B182B\" style=\"fill:#0B182B;fill:color(display-p3 0.0431 0.0941 0.1686);fill-opacity:1;\"/>\n</svg>\n"}}},{"_key":"b7ee004b1cc2","enableFull":null,"thisPhase":{"title":"Touchpoints","slug":{"current":"remedy-core-touchpoints"},"imageObj":{"image":{"asset":{"url":"https://cdn.sanity.io/images/5jvqe8pe/production/f8f207d06b5618e7b6b0072729e8638b1ed194f6-1369x516.jpg"}}},"belongsToCase":{"slug":{"current":"remedy"},"caseSvg":"<?xml version=\"1.0\" encoding=\"utf-8\"?>\n<!-- Generator: Adobe Illustrator 28.0.0, SVG Export Plug-In . SVG Version: 6.00 Build 0)  -->\n<svg version=\"1.1\" id=\"Layer_1\" xmlns=\"http://www.w3.org/2000/svg\" xmlns:xlink=\"http://www.w3.org/1999/xlink\" x=\"0px\" y=\"0px\"\n\t viewBox=\"0 0 532 104\" style=\"enable-background:new 0 0 532 104;\" xml:space=\"preserve\">\n<style type=\"text/css\">\n\t.st0{fill:#123256;}\n</style>\n<g>\n\t<path class=\"st0\" d=\"M84.9,100.4H58.4L46.5,63.6H37v36.8H12.6V3.6h36.8c21.1,0,32.8,13.3,32.8,29.9c0,10.1-4.3,19.3-13,24.9\n\t\tL84.9,100.4z M37,25.6v18h11.9c6.3,0,9.9-4.1,9.9-9c0-5-3.6-9-9.9-9L37,25.6z\"/>\n\t<path class=\"st0\" d=\"M91.6,100.4V3.6h55.3v22.2h-31v14.8h28.8v21.6h-28.8v16h31v22.2C146.9,100.4,91.6,100.4,91.6,100.4z\"/>\n\t<path class=\"st0\" d=\"M229.4,72.1V20c0-10.6-6.5-17.3-16.2-17.3c-9,0-14.8,6.4-18.2,13.2l-42.7,84.5h26.3l26.3-54.8\n\t\tc2.1-4.6,3.8-8.3,5.2-13.3V84c0,10.5,6.3,17.3,15.1,17.3c8.5,0,13.7-4.9,17.5-12.8L262,47.2c2.4-5.2,3.8-9.2,5.6-15.1v68.3h23.1\n\t\tv-80c0-10.5-5.9-17.7-15.9-17.7c-9.9,0-15.5,5.9-19.6,14.2L229.4,72.1z\"/>\n\t<path class=\"st0\" d=\"M302.5,100.4V3.6h55.3v22.2h-31v14.8h28.8v21.6h-28.8v16h31v22.2C357.8,100.4,302.5,100.4,302.5,100.4z\"/>\n\t<path class=\"st0\" d=\"M369.4,100.4V3.6H393c38.2,0,55.5,21.1,55.5,48.3c0,26.9-17.5,48.3-55.5,48.3h-23.6V100.4z M393.7,78.4h1.6\n\t\tc16,0,27.8-8.1,27.8-26.3c0-18-11.5-26.3-27.6-26.3h-2v52.6H393.7z\"/>\n\t<path class=\"st0\" d=\"M481,40.4L467.5,3.6h-26.9l28.5,66.9l0.4,29.9c4.5,0,20.2,0,24.7,0c0-10.5,0-29.6,0-29.6s17.1-45.4,25.2-67.2\n\t\th-25.6L481,40.4z\"/>\n</g>\n</svg>\n"}}},{"_key":"621733954cf8","enableFull":null,"thisPhase":{"title":"Touchpoints","slug":{"current":"innerwork-core-touchpoints"},"imageObj":{"image":{"asset":{"url":"https://cdn.sanity.io/images/5jvqe8pe/production/11a73b9a68f5e2b2466377ed1d14cdec8f0ec71e-1372x517.jpg"}}},"belongsToCase":{"slug":{"current":"innerwork"},"caseSvg":"<?xml version=\"1.0\" encoding=\"UTF-8\"?>\n<svg xmlns=\"http://www.w3.org/2000/svg\" version=\"1.1\" viewBox=\"0 0 937 149\">\n  <defs>\n    <style>\n      .cls-1 {\n        fill: #2e2d29;\n      }\n    </style>\n  </defs>\n  <!-- Generator: Adobe Illustrator 28.7.1, SVG Export Plug-In . SVG Version: 1.2.0 Build 142)  -->\n  <g>\n    <g id=\"Layer_1\">\n      <path class=\"cls-1\" d=\"M664.9,5.9c-38.9,0-67.3,29-67.3,68.7s27.7,68.5,67.5,68.5,67.7-29.6,67.7-68.7-27.8-68.5-67.9-68.5ZM665.1,125.7c-28.2,0-47.9-21.2-47.9-51.1s19.1-51.3,47.9-51.3,48.1,21.6,48.1,51.3-19.1,51.1-48.1,51.1ZM823,44.9c0-23.6-15.5-36.3-40.1-36.3h-41.7v132h18.7v-58.2h14.7l36.7,58.2h20l-37.4-59.4c17.2-3.9,29.1-16.9,29.1-36.3h0ZM759.8,25h22.1c13.4,0,21.6,7.9,21.6,20.1s-8.3,20.9-21.6,20.9h-22.1V25ZM927.5,140.6h-22.3l-50.5-60.3v60.3h-18.7V8.6h18.7v57l47.9-57h22.3l-53.8,62.9,56.4,69ZM326.7,135.3h-32.1v-62.1h23.1c13.7,0,17.4,4,17.8,18.3h2.8v-41.7h-2.8c-.4,15-4.1,18.3-17.8,18.3h-23.1V13.9h33.8c19.2,0,25.5,2.1,26,26.4h2.8V8.6h-122.5v2.3c11.6,0,16.9,4.8,16.9,20.8v82.5L184.4,8.6h-61.6v2.3c11.6,0,16.9,4.8,16.9,20.8v82.5L72.5,8.6H9.5v2.3c9.9,0,12.7.9,12.7,13.9v99.6c0,12.8-2.8,13.9-12.7,13.9v2.3h73.4v-2.3c-11.6,0-17.8-4.8-17.8-20.6V18.3l77.6,122.3h3V31.5c0-16.2,3.2-20.6,12.7-20.6,9.5.4,12.5,2.3,12.5,13.9v93.1c0,16.2-3,20.4-12.5,20.4v2.3h36.4v-2.3c-11.6,0-17.8-4.8-17.8-20.6V18.3l77.6,122.3h3V31.5c0-16.2,3.2-20.6,12.7-20.6s12.5.9,12.5,13.9v99.6c0,12.8-3,13.9-12.5,13.9v2.3h88.8v-37.7h-2.8c-1.2,28-5.8,32.4-29.6,32.4h0ZM58.9,117.9c0,16.2-3,20.4-12.5,20.4s-12.3-1.1-12.3-13.9V24.8c0-13,2.8-13.9,12.3-13.9,9.5.4,12.5,2.3,12.5,13.9v93.1ZM450.9,124.6l-30.8-48.4c18.8-4.2,32-17.1,32-34.7s-21.1-32.9-44-32.9h-43.3v2.3c9.3,0,12.5.9,12.5,13.9v99.6c0,13-3.2,13.9-12.5,13.9v2.3h37.5v-2.3c-9.3,0-13.2-.9-13.2-13.9v-46.8h18.1l39.9,63h21.6v-2.3c-8.3-.5-10.7-2.5-17.9-13.7h0ZM406.1,72.5h-16.9V13.9h16.9c21.8,0,33.1,11.3,33.1,30.1s-12,28.5-33.1,28.5h0ZM498.6,140.6h-3l-37.3-113.7c-3.9-12-6.3-16-13-16v-2.3h33.8v2.3c-10,0-12.7,3-8.4,16l29.6,90.8,22-62.3-9.7-28.5c-3.9-12.1-6.2-16-12.8-16v-2.3h33.6v2.3c-9.9,0-12.7,3-8.4,16l6.7,20.7,4.5,14.1,17.2,53.3,34.3-106.4h19.1l-43.1,132h-20.6l-21.5-64.8\"/>\n    </g>\n  </g>\n</svg>"}}},{"_key":"042f76fcc79f","enableFull":null,"thisPhase":{"title":"Touchpoints","slug":{"current":"clarify-core-touchpoints"},"imageObj":{"image":{"asset":{"url":"https://cdn.sanity.io/images/5jvqe8pe/production/2ec3afdd08fc0f4946283dee2400590ea24e00e1-2740x1034.jpg"}}},"belongsToCase":{"slug":{"current":"clarify"},"caseSvg":"<?xml version=\"1.0\" encoding=\"UTF-8\"?><svg id=\"Layer_2\" xmlns=\"http://www.w3.org/2000/svg\" viewBox=\"0 0 1200 417.06\"><defs><style>.cls-1{fill:#313131;stroke-width:0px;}</style></defs><g id=\"Layer_1-2\"><path class=\"cls-1\" d=\"m154.55,35.31c47.74,0,86.8,27.35,93.95,65.15.35,1.83,1.88,3.18,3.74,3.18h33.53c2.36,0,4.21-2.14,3.78-4.46C278.72,41.42,222.52,0,154.55,0,74.75,0,0,53.2,0,164.18s74.29,164.18,154.55,164.18c69.36,0,125.61-41.47,134.7-99.29.36-2.29-1.48-4.35-3.8-4.35h-32.68c-1.89,0-3.44,1.4-3.76,3.26-6.37,37.76-45.87,65.07-94.47,65.07-66.96,0-114.19-45.4-114.19-128.87S87.59,35.31,154.55,35.31Z\"/><rect class=\"cls-1\" x=\"320.62\" y=\"3.65\" width=\"36.69\" height=\"321.04\" rx=\"3.82\" ry=\"3.82\"/><path class=\"cls-1\" d=\"m483.18,92.18h-66.6c-2.11,0-3.82,1.71-3.82,3.82v23.71c0,2.11,1.72,3.83,3.83,3.82l65.67-.17c39.44,0,61.91,19.26,61.91,50.9,0,7.34-4.59,12.38-14.68,12.38h-52.28c-55.95,0-92.18,27.98-92.18,72s31.64,69.71,80.26,69.71c35.77,0,66.5-16.97,78.88-43.57v36.08c0,2.11,1.71,3.82,3.82,3.82h29.04c2.11,0,3.82-1.71,3.82-3.82v-142.93c0-51.36-37.6-85.76-97.68-85.76Zm60.99,128.41c0,47.69-27.06,76.59-73.38,76.59-29.35,0-48.15-15.13-48.15-38.98,0-27.06,22.47-43.57,56.87-43.57h64.66v5.96Z\"/><path class=\"cls-1\" d=\"m737.15,92.18h-71.54c-33.02,0-50.91,17.89-50.91,50.9v177.94c0,2.29,1.38,3.67,3.67,3.67h30.73c2.29,0,3.67-1.38,3.67-3.67V124.74h84.38c2.29,0,3.67-1.38,3.67-3.67v-25.22c0-2.29-1.38-3.67-3.67-3.67Z\"/><path class=\"cls-1\" d=\"m800.72,92.18h-31.19c-1.83,0-3.21,1.38-3.21,3.67v225.17c0,2.29,1.38,3.67,3.21,3.67h31.19c1.83,0,3.21-1.38,3.21-3.67V95.85c0-2.29-1.38-3.67-3.21-3.67Z\"/><path class=\"cls-1\" d=\"m805.53,3.66h-40.36c-2.29,0-3.67,1.38-3.67,3.67v40.36c0,1.83,1.38,3.21,3.67,3.21h40.36c1.83,0,3.21-1.38,3.21-3.21V7.33c0-2.29-1.38-3.67-3.21-3.67Z\"/><path class=\"cls-1\" d=\"m973.57,3.66h-48.15c-33.02,0-50.9,17.89-50.9,50.9v37.62h-43.57c-1.83,0-3.21,1.38-3.21,3.67v23.39c0,1.83,1.38,3.67,3.21,3.67h43.57v198.12c0,2.29,1.38,3.67,3.67,3.67h30.73c2.29,0,3.67-1.38,3.67-3.67V122.91h60.99c2.29,0,3.67-1.83,3.67-3.67v-23.39c0-2.29-1.38-3.67-3.67-3.67h-60.99v-58.25h60.99c2.29,0,3.67-1.38,3.67-3.21V7.33c0-2.29-1.38-3.67-3.67-3.67Z\"/><path class=\"cls-1\" d=\"m1196.17,92.37h-30.35c-1.61,0-3.06,1.01-3.6,2.54l-64.67,180.91-64.67-180.91c-.54-1.52-1.98-2.54-3.6-2.54h-29.9c-2.66,0-4.5,2.64-3.59,5.14l84.33,229.67-27.72,84.88c-.81,2.47,1.03,5.01,3.63,5.01h27.3c1.64,0,3.1-1.05,3.62-2.6l41.32-122.6,71.49-194.35c.92-2.49-.93-5.14-3.59-5.14Z\"/></g></svg>"}}}]},"sanityPhaseThree":{"headline":"Creating the launchpad","description":"In this phase, we get the brand ready to meet the world. Not just telling a brand story, but working together to leverage and build an audience, media and a clear message to lead with.","include":["Social and Content Strategy","PR Storytelling","Email Campaigns","Digital Ads","Experiential","Post Production"],"imageSlideshow":[{"_key":"9fc7d25a982b","image":{"asset":{"url":"https://cdn.sanity.io/images/5jvqe8pe/production/0782a50cc409d7af545936343e06a1f17f9a46d9-2368x1642.jpg"}}},{"_key":"391746124d7f","image":{"asset":{"url":"https://cdn.sanity.io/images/5jvqe8pe/production/818147b129bb3c58acea3b89f3299eeafdf3beb7-1667x1958.jpg"}}},{"_key":"4d009a31c329","image":{"asset":{"url":"https://cdn.sanity.io/images/5jvqe8pe/production/a5d1c899a4650e7e370ee8fe41466aabeb7909e5-1171x1677.jpg"}}},{"_key":"0ffe6837a730","image":{"asset":{"url":"https://cdn.sanity.io/images/5jvqe8pe/production/2995c85a70a42a8d9207cfed4948f2e07fc18bef-1546x1977.jpg"}}},{"_key":"00bcab110e61","image":{"asset":{"url":"https://cdn.sanity.io/images/5jvqe8pe/production/285b66273298ef7d61c8c7de28b1947630a09456-1498x1376.jpg"}}}],"phases":[{"_key":"271716cfdd02","enableFull":null,"thisPhase":{"imageObj":{"image":{"asset":{"url":"https://cdn.sanity.io/images/5jvqe8pe/production/2bd20c7dbd50083e1a85f5bb2eb07d0ca2288b06-1700x1521.jpg"}}},"title":"Activation","slug":{"current":"ritual-activation"},"belongsToCase":{"slug":{"current":"ritual"},"caseSvg":"<svg width=\"123\" height=\"38\" viewBox=\"0 0 123 38\" fill=\"none\" xmlns=\"http://www.w3.org/2000/svg\">\n<g clip-path=\"url(#clip0)\">\n<path d=\"M28.234 37.5199L20.446 26.0595C25.1698 23.7402 27.8092 19.6495 27.8092 14.57C27.8092 6.98278 22.0542 1.27783 11.8341 1.27783H0V37.5199H6.62238V27.8543H13.8315L20.2958 37.5199H28.234ZM12.5138 21.1898H6.62238V7.93458H12.5138C17.2059 7.93458 20.8569 9.9994 20.8569 14.5622C20.8569 19.125 17.2079 21.1898 12.5138 21.1898Z\" fill=\"#FDD500\"/>\n<path d=\"M116.377 1.26855H123V37.5204H116.377V1.26855Z\" fill=\"#FDD500\"/>\n<path d=\"M55.2277 17.4104V11.5228H50.7074V3.06543H44.085V11.5228H40.6987V17.4104H44.085V30.788C44.085 33.1189 44.65 34.5058 45.7821 35.8966C47.09 37.2174 48.9431 37.8876 50.5414 37.9808C52.932 38.1207 55.0854 37.4855 56.3538 36.6095V30.4772C55.4845 31.159 54.4157 31.7806 52.9794 31.7806C51.5431 31.7806 50.8062 31.0347 50.7094 29.436V17.4123H55.2277V17.4104Z\" fill=\"#FDD500\"/>\n<path d=\"M83.6036 37.5143H77.6648L77.0504 34.5521C75.8334 36.106 73.3322 37.827 69.6832 37.827C63.126 37.827 58.6709 34.0315 58.6709 27.1183V11.5225H65.2241V24.9467C65.2241 29.5211 67.3025 31.4966 71.1096 31.4966C74.9167 31.4966 77.0484 28.7927 77.0484 24.9467V11.5225H83.6016V37.5143H83.6036Z\" fill=\"#FDD500\"/>\n<path d=\"M112.972 11.5554V37.52H107.671L107.057 34.82C105.948 36.2225 103.042 37.8328 99.5036 37.8328C91.9507 37.8328 86.2471 32.3279 86.2471 24.5387C86.2471 16.7495 91.9507 11.2446 99.5036 11.2446C102.989 11.2446 105.948 12.8549 107.057 14.2574L107.671 11.5574H112.972V11.5554ZM99.7052 17.3925C95.6847 17.3925 92.5928 20.6305 92.5928 24.5368C92.5928 28.443 95.6926 31.6811 99.7052 31.6811C103.629 31.6811 106.634 28.443 106.634 24.5368C106.634 20.6305 103.631 17.3925 99.7071 17.3925H99.7052Z\" fill=\"#FDD500\"/>\n<path d=\"M31.0059 11.5225H37.6282V37.5201H31.0059V11.5225Z\" fill=\"#FDD500\"/>\n<path d=\"M34.2893 8.57782C36.6669 8.57782 38.5943 6.65761 38.5943 4.28891C38.5943 1.92021 36.6669 0 34.2893 0C31.9118 0 29.9844 1.92021 29.9844 4.28891C29.9844 6.65761 31.9118 8.57782 34.2893 8.57782Z\" fill=\"#FDD500\"/>\n</g>\n<defs>\n<clipPath id=\"clip0\">\n<rect width=\"123\" height=\"38\" fill=\"white\"/>\n</clipPath>\n</defs>\n</svg>\n"}}},{"_key":"aa74b7d7fd71","enableFull":null,"thisPhase":{"imageObj":{"image":{"asset":{"url":"https://cdn.sanity.io/images/5jvqe8pe/production/1d2bce093266018f7d47b11a4c5e186d63dc2ae4-3423x1343.jpg"}}},"title":"Activation","slug":{"current":"glowbar-activation"},"belongsToCase":{"slug":{"current":"glowbar"},"caseSvg":"<svg width=\"218\" height=\"34\" viewBox=\"0 0 218 34\" fill=\"none\" xmlns=\"http://www.w3.org/2000/svg\">\n<path d=\"M129.303 1.81437C128.222 6.302 124.913 21.9972 124.085 25.3802C123.994 25.7945 123.925 26.1857 123.833 26.646H123.81C123.81 26.6229 123.833 26.5999 123.81 26.5769C122.821 22.8257 121.879 19.0975 120.891 15.3463C119.719 10.9277 118.546 6.53214 117.374 2.11354C117.259 1.67628 117.122 1.21601 117.236 0.73273C115.834 0.73273 114.295 0.801771 112.916 0.801771C112.985 1.23903 112.893 1.65327 112.778 2.0445C112.088 4.71407 111.422 7.40665 110.732 10.0532C109.284 15.5765 107.813 21.0767 106.365 26.5999H106.296C106.296 26.5769 106.296 26.5309 106.296 26.5309C105.308 22.3885 104.297 18.246 103.309 14.0806C102.366 10.0992 101.401 6.14091 100.459 2.15957C100.344 1.6993 100.321 1.21601 100.252 0.709717C98.643 0.709717 97.0342 0.709717 95.4023 0.709717C95.4023 0.73273 95.4023 0.73273 95.4023 0.755744C95.5402 1.07793 95.7471 1.37711 95.816 1.6993C96.7354 5.54256 97.6547 9.3628 98.574 13.183C100.045 19.2816 101.516 25.3572 102.987 31.4558C103.079 31.847 103.125 32.2382 103.217 32.6525C104.55 32.6525 105.906 32.6525 107.239 32.6525C107.262 32.3763 107.262 32.1232 107.308 31.87C108.043 28.9703 108.802 26.0706 109.56 23.1709C110.985 17.6937 112.41 12.1935 113.835 6.71625C113.858 6.64721 113.881 6.57817 113.927 6.44008C113.973 6.57817 113.996 6.62419 113.996 6.69323C114.478 8.55733 114.984 10.4214 115.467 12.3085C116.869 17.6707 118.294 23.0098 119.673 28.372C120.04 29.7988 120.546 31.1796 120.661 32.6755C122.04 32.6755 123.442 32.6755 124.798 32.6755C124.821 32.3533 124.821 32.0541 124.89 31.755C126.223 26.2777 131.417 2.36669 132.13 0.755744C131.325 0.755744 130.245 0.755744 129.487 0.755744C129.395 1.10095 129.395 1.46916 129.303 1.81437Z\" fill=\"#F9423A\"/>\n<path d=\"M152.401 16.0598C152.309 16.0368 152.217 16.0368 152.148 16.0138C152.079 15.9908 151.987 15.9908 151.918 15.9677C153.044 15.6686 154.124 15.2773 155.113 14.679C156.308 13.9195 157.25 12.93 157.756 11.5952C158.537 9.54698 158.537 7.47576 157.779 5.40454C157.365 4.29989 156.652 3.37935 155.71 2.64292C154.446 1.65334 152.998 1.10101 151.435 0.870876C150.93 0.801835 150.424 0.755808 149.918 0.686768C147.965 0.686768 145.483 0.686768 143.506 0.686768C143.414 0.686768 143.322 0.709781 143.23 0.709781C141.736 0.709781 140.242 0.732794 138.726 0.732794C138.657 0.732794 138.565 0.732794 138.45 0.732794C138.68 1.26211 138.611 1.81443 138.611 2.34374C138.611 11.1349 138.611 19.9491 138.611 28.7403C138.611 30.029 138.748 31.3408 138.473 32.6526C138.519 32.6526 138.588 32.6526 138.634 32.6526C142.127 32.6526 146.126 32.6526 149.62 32.6526C151.435 32.6526 153.182 32.3074 154.791 31.4098C156.423 30.5123 157.618 29.2005 158.307 27.4515C159.089 25.4723 159.204 23.4241 158.629 21.3759C157.779 18.4072 155.434 16.4971 152.401 16.0598ZM143.299 2.85004C143.368 2.85004 143.46 2.85004 143.529 2.85004C144.632 2.85004 146.264 2.85004 147.367 2.85004C148.447 2.85004 149.528 2.94209 150.562 3.33332C151.987 3.83962 152.906 4.85222 153.297 6.30207C153.711 7.82096 153.757 9.38588 153.389 10.9278C152.952 12.7228 151.849 13.9195 150.125 14.5639C148.953 15.0012 147.482 15.1162 146.241 15.1393C145.391 15.1393 144.31 15.1393 143.46 15.1393C143.414 15.1393 143.368 15.1393 143.299 15.1393C143.299 11.0429 143.299 6.96946 143.299 2.85004ZM153.802 26.7611C153.297 28.6942 151.987 29.8219 150.056 30.1901C149.459 30.3052 148.861 30.3512 148.264 30.3742C146.839 30.3972 144.908 30.3742 143.483 30.3742C143.437 30.3742 143.391 30.3742 143.322 30.3742C143.322 25.9556 143.322 21.583 143.322 17.1875C143.345 17.1875 143.391 17.1645 143.414 17.1645C144.655 17.1875 146.402 17.1645 147.62 17.2105C148.976 17.2795 150.263 17.5787 151.435 18.3151C152.492 18.9825 153.228 19.9031 153.642 21.0768C154.262 22.9639 154.308 24.874 153.802 26.7611Z\" fill=\"#F9423A\"/>\n<path d=\"M211.169 25.1962C209.169 22.6877 207.193 20.1792 205.216 17.6707C205.262 17.6477 205.285 17.6477 205.308 17.6247C205.446 17.6017 205.607 17.5787 205.745 17.5557C207.446 17.2795 209.077 16.8192 210.548 15.9447C211.56 15.3464 212.41 14.5639 213.031 13.5513C213.605 12.6538 213.927 11.6642 214.065 10.6056C214.226 9.52396 214.226 8.44232 213.973 7.36069C213.674 6.07193 213.1 4.94427 212.226 3.95469C211.307 2.91908 210.181 2.15963 208.894 1.60731C207.262 0.916903 205.561 0.686768 203.791 0.686768C200.987 0.709781 197.678 0.709781 194.897 0.732794C194.828 0.732794 194.759 0.732794 194.759 0.732794C194.805 1.23909 194.851 1.69936 194.851 2.18265C194.851 11.3881 194.851 20.6165 194.851 29.8219C194.851 30.7654 194.966 31.709 194.69 32.6295C196.368 32.6295 198.023 32.6295 199.654 32.6295C199.608 32.3073 199.516 31.9852 199.516 31.663C199.516 27.1063 199.516 22.5266 199.516 17.9699C199.516 17.9239 199.516 17.8779 199.539 17.7858C199.539 17.7858 199.608 17.7628 199.654 17.8088C202.803 21.9513 206.503 26.1857 209.652 30.3282C210.204 31.0646 210.893 31.709 211.215 32.6295C213.214 32.6295 215.214 32.6295 217.145 32.6295C215.099 30.2131 213.146 27.6816 211.169 25.1962ZM199.47 16.1749C199.47 11.7102 199.47 7.31466 199.47 2.91908C199.493 2.89607 199.493 2.89607 199.516 2.89607C200.918 2.89607 202.826 2.85004 204.182 3.10319C205.331 3.33332 206.411 3.72455 207.331 4.484C208.043 5.08235 208.549 5.79577 208.848 6.67028C209.422 8.32726 209.468 10.0072 209.009 11.6872C208.549 13.3672 207.469 14.5639 205.906 15.3004C204.596 15.9217 203.194 16.1288 201.769 16.1749C201.171 16.1979 200.068 16.1749 199.47 16.1749Z\" fill=\"#F9423A\"/>\n<path d=\"M178.9 4.29988C178.487 3.12619 177.935 1.99853 177.728 0.778809C176.372 0.778809 174.74 0.778809 173.407 0.778809C173.338 1.12401 173.293 1.46921 173.178 1.7914C171.155 7.47575 169.133 13.1831 167.11 18.8674C166.122 21.6521 165.156 24.4367 164.145 27.1983C163.479 29.0394 162.973 30.9495 162.054 32.6756C162.881 32.6756 164.007 32.6756 164.812 32.6756C164.904 32.2613 164.973 31.8701 165.11 31.5019C166.168 28.5561 167.225 25.6334 168.259 22.6877C168.305 22.5496 168.374 22.5036 168.535 22.5036C169.569 22.5036 177.453 22.5036 180.371 22.5036C180.532 22.5036 180.624 22.5496 180.67 22.7107C180.762 23.0099 180.877 23.3091 180.992 23.6082C181.521 25.1041 182.072 26.623 182.578 28.1189C183.083 29.6378 183.75 31.1106 184.072 32.6986C185.864 32.6986 187.657 32.6986 189.427 32.6986C189.174 32.1923 188.921 31.686 188.714 31.1797C188.094 29.4537 180.44 8.53437 178.9 4.29988ZM169.064 20.3863C170.833 15.3924 172.58 10.4215 174.35 5.42754C174.373 5.42754 174.12 5.42754 174.143 5.42754C175.936 10.3985 178.004 15.3924 179.82 20.3863C176.211 20.3863 172.649 20.3863 169.064 20.3863Z\" fill=\"#F9423A\"/>\n<path d=\"M88.9209 7.36066C87.2661 5.05931 85.2206 3.19521 82.6695 1.92947C80.8308 1.00893 78.8772 0.479617 76.8317 0.249482C75.2459 0.0653738 73.66 0.134414 72.0972 0.410576C69.6839 0.847833 67.5005 1.83742 65.455 3.1722C63.7313 4.32288 62.2373 5.70369 61.0652 7.4297C59.939 9.06366 59.2036 10.8587 58.7669 12.7919C58.2383 15.0932 58.1923 17.3946 58.7209 19.6959C59.1806 21.6521 60.008 23.4701 61.1342 25.1271C63.3865 28.5101 66.3743 30.9265 70.2815 32.1232C70.6952 32.2383 71.1089 32.3764 71.5226 32.4914C71.6605 32.5144 71.7984 32.5605 71.9593 32.5835C72.3959 32.6525 72.8326 32.7216 73.2693 32.7676C79.2679 33.458 84.2323 31.3408 88.3004 27.0142C89.7943 25.4263 90.7825 23.4931 91.4031 21.3989C91.4261 21.3069 91.472 21.2378 91.518 21.1458C91.6789 20.4554 91.8168 19.788 91.9777 19.0976C91.9777 19.0055 91.9777 18.9365 91.9777 18.8444C92.2535 17.0724 92.1845 15.3003 91.8168 13.5283C91.2882 11.296 90.2769 9.24777 88.9209 7.36066ZM87.9786 20.8466C87.9096 22.5036 87.5879 24.1145 86.7605 25.5874C86.1399 26.715 85.2666 27.6356 84.1634 28.303C82.1868 29.4997 80.0034 29.8449 77.7281 29.5917C73.4532 29.1315 70.0287 27.0602 67.2477 23.8844C65.432 21.8132 63.9611 19.5578 63.1337 16.9113C62.3063 14.3568 62.2373 11.7793 62.9958 9.20174C63.7772 6.5782 65.5469 4.85219 68.1211 3.97767C70.1666 3.28727 72.258 3.33329 73.706 3.65548C77.2224 4.41493 79.7276 5.79574 81.865 7.82093C83.9106 9.75407 85.5654 11.9864 86.7375 14.5639C87.6338 16.5431 88.0935 18.6373 87.9786 20.8466Z\" fill=\"#F9423A\"/>\n<path d=\"M42.6556 31.0647C42.6327 20.9617 42.5867 10.9048 42.5637 0.8479C40.748 0.8479 38.9553 0.8479 37.1396 0.870914C37.1626 11.5032 37.2086 22.0894 37.2316 32.7216C43.7129 32.6986 50.1942 32.6756 56.6754 32.6756C56.6754 31.7551 56.6754 30.8575 56.6754 29.937C51.9869 30.2822 47.3442 30.6734 42.6556 31.0647Z\" fill=\"#F9423A\"/>\n<path d=\"M29.7159 20.3624V17.3476C29.7159 17.1865 29.7159 17.0484 29.6929 16.8873L29.647 16.1509H24.4757V17.4627C24.4757 18.3832 24.4757 19.2807 24.4757 20.2013C24.4757 22.6407 24.4528 25.1722 24.4987 27.6577V27.6807C24.5217 28.7393 24.4987 29.5678 24.4757 29.8209C22.3153 30.9256 20.4996 31.3858 18.2473 31.4089C18.2243 31.4089 18.1783 31.4089 18.1553 31.4089C14.1103 31.4089 11.0765 29.2456 8.59431 25.1262C5.7214 20.3624 5.39963 15.2303 7.62901 9.86819C8.84712 6.96849 10.9156 4.20687 13.8805 2.94112C17.4199 1.42223 21.6718 2.13565 24.8665 4.13783C25.3951 4.48303 26.1305 4.87426 26.5672 5.35754C26.82 5.63371 27.0269 5.86384 27.2108 6.18603L29.0034 3.40139L28.4748 3.12523C28.222 2.98715 27.9692 2.84907 27.7164 2.71099C27.1878 2.41181 26.6821 2.11263 26.1305 1.8825C22.798 0.409633 19.0747 -0.0736508 15.0756 0.409633C11.0535 0.892917 7.49111 2.61893 5.10085 5.2885C1.28563 9.546 -0.0244165 14.7701 1.21668 20.8456C2.06706 25.1032 4.68715 28.6242 8.75519 31.0176C11.0076 32.3524 13.5587 33.0428 16.5235 33.1579C16.8683 33.1809 17.236 33.1809 17.5808 33.1809C21.9936 33.1809 25.7398 32.0532 29.0034 29.7289C29.5091 29.3837 29.7159 28.9234 29.7159 28.302C29.7159 25.6555 29.7159 22.9629 29.7159 20.3624Z\" fill=\"#F9423A\"/>\n</svg>\n"}}},{"_key":"26354e258a2d","enableFull":null,"thisPhase":{"imageObj":{"image":{"asset":{"url":"https://cdn.sanity.io/images/5jvqe8pe/production/e5c9e38b7b26360fab86e32e25649c91f974c2f0-3423x1321.jpg"}}},"title":"Activation","slug":{"current":"her-activation"},"belongsToCase":{"slug":{"current":"her"},"caseSvg":"<?xml version=\"1.0\" encoding=\"utf-8\"?>\n<!-- Generator: Adobe Illustrator 22.0.1, SVG Export Plug-In . SVG Version: 6.00 Build 0)  -->\n<svg version=\"1.2\" baseProfile=\"tiny\" id=\"Layer_1\" xmlns=\"http://www.w3.org/2000/svg\" xmlns:xlink=\"http://www.w3.org/1999/xlink\"\n\t x=\"0px\" y=\"0px\" viewBox=\"0 0 360 360\" xml:space=\"preserve\">\n<g>\n\t<path fill=\"#DB2905\" d=\"M0,359.6v0.7h360v-0.7V0.4H0V359.6z M238.4,129.5l41.5,0.2c4.8,0,9.1,0.8,13,2.3c3.8,1.5,7.1,3.7,9.7,6.4\n\t\tc2.6,2.7,4.7,5.9,6.1,9.5c1.4,3.6,2.2,7.6,2.2,11.7c0,6.8-1.8,11.9-5.9,17.2c-3.9,5-9.4,8.3-16.3,10l-2.7,0.6l23.5,43.8h-15.5\n\t\tl-21.8-41.9l-0.4-0.8h-19.6v42.6l-13.8,0V129.5z M152.9,129.6H214v12.5h-47.4v18.5h42.7v11h-42.7v18.6h42.9l-0.2,11.4h-43l0.3,17.1\n\t\tH214v12.5h-61.1V129.6z M51.1,129.6h13.7v44.8H113v-44.8h13.8v101.5H113V187H64.7v44.1H51.1V129.6z\"/>\n\t<path fill=\"#DB2905\" d=\"M291.4,172c4-3.6,5.6-7.2,5.6-12.4c0-5.6-1.9-10.1-5.6-13.4c-3.7-3.3-8.6-4.9-14.7-4.9h-24.5V177h24.5\n\t\tC282.7,177,287.7,175.3,291.4,172z\"/>\n\t<polygon fill=\"#FFFFFF\" points=\"64.7,187 113,187 113,231.1 126.8,231.1 126.8,129.6 113,129.6 113,174.4 64.7,174.4 64.7,129.6 \n\t\t51.1,129.6 51.1,231.1 64.7,231.1 \t\"/>\n\t<polygon fill=\"#FFFFFF\" points=\"214,218.6 166.6,218.6 166.3,201.6 209.3,201.6 209.4,190.2 166.6,190.2 166.6,171.6 209.3,171.6 \n\t\t209.3,160.6 166.6,160.6 166.6,142.1 214,142.1 214,129.6 152.9,129.6 152.9,231.1 214,231.1 \t\"/>\n\t<path fill=\"#FFFFFF\" d=\"M252.2,188.5h19.6l0.4,0.8l21.8,41.9h15.5L286,187.4l2.7-0.6c6.9-1.7,12.4-5,16.3-10\n\t\tc4.1-5.2,5.9-10.4,5.9-17.2c0-4.2-0.7-8.1-2.2-11.7c-1.4-3.6-3.5-6.8-6.1-9.5c-2.6-2.7-5.9-4.8-9.7-6.4c-3.9-1.5-8.2-2.3-13-2.3\n\t\tl-41.5-0.2v101.5l13.8,0V188.5z M252.2,141.3h24.5c6.1,0,11,1.7,14.7,4.9c3.7,3.3,5.6,7.9,5.6,13.4c0,5.2-1.6,8.8-5.6,12.4\n\t\tc-3.7,3.3-8.6,4.9-14.7,4.9h-24.5V141.3z\"/>\n</g>\n</svg>\n"}}},{"_key":"43d583a8d1ca","enableFull":null,"thisPhase":{"imageObj":{"image":{"asset":{"url":"https://cdn.sanity.io/images/5jvqe8pe/production/02432315c80f825823a2e066ccfbdcb2acf8278d-3840x1582.jpg"}}},"title":"Activation","slug":{"current":"commonry-activation"},"belongsToCase":{"slug":{"current":"commonry"},"caseSvg":"<svg width=\"212\" height=\"39\" viewBox=\"0 0 212 39\" fill=\"none\" xmlns=\"http://www.w3.org/2000/svg\">\n<path d=\"M22.7893 22.9755L25.0714 27.1287C22.1597 28.9169 18.8546 29.8014 15.3527 29.8014C6.53896 29.8014 0.67627 24.0715 0.67627 15.2845C0.67627 6.53586 7.12917 0.36377 16.2577 0.36377C21.4515 0.36377 25.8386 2.24808 28.5733 6.26667L24.8943 9.55461C22.8286 6.80505 19.8776 5.05533 15.9429 5.05533C9.94247 5.05533 5.90941 8.99701 5.90941 14.7653C5.90941 21.1874 9.84411 25.129 15.9429 25.129C18.4414 25.129 20.8613 24.3792 22.7893 22.9755ZM49.2304 18.2071C49.2304 25.1675 44.3514 29.8014 37.328 29.8014C30.5603 29.8014 25.7009 25.6866 25.7009 18.6493C25.7009 11.6889 30.58 7.05501 37.6034 7.05501C44.3514 7.05501 49.2304 11.1697 49.2304 18.2071ZM44.2333 18.6493C44.2333 14.0923 41.5577 11.2659 37.4657 11.2659C33.3539 11.2659 30.698 13.977 30.698 18.2263C30.698 22.7833 33.3736 25.6097 37.4657 25.6097C41.5774 25.6097 44.2333 22.8986 44.2333 18.6493ZM78.9177 7.05501C74.8846 7.05501 72.7009 8.93932 71.0876 12.5734H71.0286C70.3204 8.80473 67.9005 7.05501 64.2609 7.05501C60.2869 7.05501 58.1228 8.93932 56.5096 12.5734H56.4702V7.49725H51.7683V29.3591H56.5489V15.7652C57.9457 12.708 59.8147 11.4389 62.3133 11.4389C64.9889 11.4389 66.425 13.0156 66.425 16.4189V29.3591H71.2057V15.7652C72.6025 12.708 74.4715 11.4389 76.97 11.4389C79.6653 11.4389 81.0818 13.0156 81.0818 16.4189V29.3591H85.8624V15.0537C85.9411 9.55461 83.3049 7.05501 78.9177 7.05501ZM116.455 7.05501C112.422 7.05501 110.238 8.93932 108.625 12.5734H108.585C107.877 8.80473 105.457 7.05501 101.818 7.05501C97.8435 7.05501 95.6795 8.93932 94.0663 12.5734H94.0466V7.49725H89.3446V29.3591H94.1253V15.7652C95.5221 12.708 97.3911 11.4389 99.8896 11.4389C102.565 11.4389 104.001 13.0156 104.001 16.4189V29.3591H108.802V15.7652C110.198 12.708 112.067 11.4389 114.566 11.4389C117.261 11.4389 118.678 13.0156 118.678 16.4189V29.3591H123.458V15.0537C123.498 9.55461 120.842 7.05501 116.455 7.05501ZM149.309 18.2071C149.309 25.1675 144.43 29.8014 137.407 29.8014C130.639 29.8014 125.78 25.6866 125.78 18.6493C125.78 11.6889 130.659 7.05501 137.682 7.05501C144.43 7.05501 149.309 11.1697 149.309 18.2071ZM144.293 18.6493C144.293 14.0923 141.597 11.2659 137.525 11.2659C133.413 11.2659 130.757 13.977 130.757 18.2263C130.757 22.7833 133.433 25.6097 137.525 25.6097C141.656 25.6097 144.293 22.8986 144.293 18.6493ZM164.399 7.05501C160.543 7.05501 158.182 8.84319 156.608 12.6118H156.569V7.49725H151.867V29.3591H156.648V15.8036C158.084 12.6887 160.051 11.4389 162.609 11.4389C165.343 11.4389 166.72 12.8425 166.72 16.2458V29.3591H171.501V15.4191C171.521 9.59307 168.688 7.05501 164.399 7.05501ZM179.705 13.3617H179.666V7.49725H174.924V29.3591H179.705V15.8421C181.279 13.2271 183.777 12.3042 186.158 12.3042C186.551 12.3042 187.004 12.3426 187.417 12.4003V7.36265C186.925 7.26651 186.433 7.22806 185.941 7.22806C183.148 7.22806 181.18 8.67014 179.705 13.3617ZM206.697 7.49725L200.48 24.3407L193.811 7.49725H188.401L197.883 29.8398L194.126 38.2039H199.142L211.635 7.49725H206.697Z\" fill=\"black\"/>\n</svg>\n"}}}]},"sanityPhaseFour":{"headline":"Growing into ourselves","description":"Sometimes we step back in after launch. From major brand campaigns, to product and retail expansions, new verticals and more: we support growth through brand-defining moments.","include":["New Product Rollout","Retail Expansion","Campaigns","Onboarding","Hiring","Advisement"],"imageSlideshow":[{"_key":"5d589a1b7f3b","image":{"asset":{"url":"https://cdn.sanity.io/images/5jvqe8pe/production/7c559cc0aacf918e8f5f8db0a91b64ed19b001c9-1200x800.gif"}}},{"_key":"05f702811b72","image":{"asset":{"url":"https://cdn.sanity.io/images/5jvqe8pe/production/59dc5c74405712d0cf901c2661c079fb20f53957-2800x1861.jpg"}}}],"phases":[{"_key":"040548593b25","enableFull":null,"thisPhase":{"title":"Support","slug":{"current":"ritual-support"},"imageObj":{"image":{"asset":{"url":"https://cdn.sanity.io/images/5jvqe8pe/production/b584c9883092c931683ebf48d6850ea8acbb6728-2483x1467.jpg"}}},"belongsToCase":{"slug":{"current":"ritual"},"caseSvg":"<svg width=\"123\" height=\"38\" viewBox=\"0 0 123 38\" fill=\"none\" xmlns=\"http://www.w3.org/2000/svg\">\n<g clip-path=\"url(#clip0)\">\n<path d=\"M28.234 37.5199L20.446 26.0595C25.1698 23.7402 27.8092 19.6495 27.8092 14.57C27.8092 6.98278 22.0542 1.27783 11.8341 1.27783H0V37.5199H6.62238V27.8543H13.8315L20.2958 37.5199H28.234ZM12.5138 21.1898H6.62238V7.93458H12.5138C17.2059 7.93458 20.8569 9.9994 20.8569 14.5622C20.8569 19.125 17.2079 21.1898 12.5138 21.1898Z\" fill=\"#FDD500\"/>\n<path d=\"M116.377 1.26855H123V37.5204H116.377V1.26855Z\" fill=\"#FDD500\"/>\n<path d=\"M55.2277 17.4104V11.5228H50.7074V3.06543H44.085V11.5228H40.6987V17.4104H44.085V30.788C44.085 33.1189 44.65 34.5058 45.7821 35.8966C47.09 37.2174 48.9431 37.8876 50.5414 37.9808C52.932 38.1207 55.0854 37.4855 56.3538 36.6095V30.4772C55.4845 31.159 54.4157 31.7806 52.9794 31.7806C51.5431 31.7806 50.8062 31.0347 50.7094 29.436V17.4123H55.2277V17.4104Z\" fill=\"#FDD500\"/>\n<path d=\"M83.6036 37.5143H77.6648L77.0504 34.5521C75.8334 36.106 73.3322 37.827 69.6832 37.827C63.126 37.827 58.6709 34.0315 58.6709 27.1183V11.5225H65.2241V24.9467C65.2241 29.5211 67.3025 31.4966 71.1096 31.4966C74.9167 31.4966 77.0484 28.7927 77.0484 24.9467V11.5225H83.6016V37.5143H83.6036Z\" fill=\"#FDD500\"/>\n<path d=\"M112.972 11.5554V37.52H107.671L107.057 34.82C105.948 36.2225 103.042 37.8328 99.5036 37.8328C91.9507 37.8328 86.2471 32.3279 86.2471 24.5387C86.2471 16.7495 91.9507 11.2446 99.5036 11.2446C102.989 11.2446 105.948 12.8549 107.057 14.2574L107.671 11.5574H112.972V11.5554ZM99.7052 17.3925C95.6847 17.3925 92.5928 20.6305 92.5928 24.5368C92.5928 28.443 95.6926 31.6811 99.7052 31.6811C103.629 31.6811 106.634 28.443 106.634 24.5368C106.634 20.6305 103.631 17.3925 99.7071 17.3925H99.7052Z\" fill=\"#FDD500\"/>\n<path d=\"M31.0059 11.5225H37.6282V37.5201H31.0059V11.5225Z\" fill=\"#FDD500\"/>\n<path d=\"M34.2893 8.57782C36.6669 8.57782 38.5943 6.65761 38.5943 4.28891C38.5943 1.92021 36.6669 0 34.2893 0C31.9118 0 29.9844 1.92021 29.9844 4.28891C29.9844 6.65761 31.9118 8.57782 34.2893 8.57782Z\" fill=\"#FDD500\"/>\n</g>\n<defs>\n<clipPath id=\"clip0\">\n<rect width=\"123\" height=\"38\" fill=\"white\"/>\n</clipPath>\n</defs>\n</svg>\n"}}}]},"sanityContactSection":{"title":"Work with Practice","subtitle":"Interested in working with us? Drop us a line.","email":"collaborate@practice.inc","copyButtonText":"Copy"},"sanityFaqSection":{"title":"Frequently Asked Questions","faqs":[{"_key":"7b91da9c492e","_type":null,"question":"Is Practice an agency?","_rawAnswer":[{"_key":"f51375ea94f3","_type":"block","children":[{"_key":"1aa4cc1911770","_type":"span","marks":[],"text":"We’re not an agency or a studio: we’re a creative firm building brands from zero to launch. Our brand-building process is holistic, encompassing everything it takes to build a market-ready brand from end to end: naming, brand identity, strategy, tone of voice, web design, content & social media strategy, art direction, and everything in between."}],"markDefs":[],"style":"normal"}],"order":null},{"_key":"8a0c8f388421","_type":null,"question":"What company stages and categories do you typically focus on?","_rawAnswer":[{"_key":"88c2f613b967","_type":"block","children":[{"_key":"a9586f11c8970","_type":"span","marks":[],"text":"We partner with companies of all industries and stages to build their brands, from early-stage SaaS startups to established consumer brands. Our offerings vary based on each company’s position and unique needs. For early-stage companies, for example, we might work on anything from building out investor decks for an upcoming raise, to designing the look and feel of an MVP. On the other hand, for established brands seeking a refresh, we recommend undergoing a brand audit at the start of our partnership to guide the brand’s evolution."}],"markDefs":[],"style":"normal"}],"order":null},{"_key":"c9bd97bf7c78","_type":null,"question":"What do you look for when selecting clients to partner with?","_rawAnswer":[{"_key":"1844d1483185","_type":"block","children":[{"_key":"3c7331b6d3550","_type":"span","marks":[],"text":"Our model isn’t right for everyone. We look to partner with brands that are passionate about innovating in their respective fields; aligned with our brand-building methodology; and committed to setting a higher standard for themselves and their industry peers. We select partners who lead with empathy and curiosity, and who aren’t afraid to take risks or have challenging conversations. We also assess for chemistry in order to ensure a collaborative partnership. Due to the nature of our process, we often have a waitlist of prospective partners."}],"markDefs":[],"style":"normal"}],"order":null},{"_key":"259f55f5c276","_type":null,"question":"How long does an engagement typically take? ","_rawAnswer":[{"_key":"79fab61ab3fa","_type":"block","children":[{"_key":"981d36cef9710","_type":"span","marks":[],"text":"Given the comprehensive nature of our brand-building methodology, our projects typically take anywhere from 6 to 12 months. Our unique process allows us to fully consider and build out each facet of the brand to set it up for a successful launch."}],"markDefs":[],"style":"normal"}],"order":null},{"_key":"16dd3b99a40f","_type":null,"question":"How is your team structured? Do you work with external collaborators? ","_rawAnswer":[{"_key":"877ead848da0","_type":"block","children":[{"_key":"0cdbfb0337900","_type":"span","marks":[],"text":"Led by Michelle Mattar, our small but mighty team of 6 works across all client projects to bring them to life. Our team consists of 3 designers who work across brand, web, and 3D design; 1 brand strategist & copywriter; and 1 executive assistant supporting all projects. We bring on necessary collaborators, like web developers or architects, on an as-needed basis."}],"markDefs":[],"style":"normal"}],"order":null},{"_key":"bd32be690e0e","_type":null,"question":"Who can I expect to work with on a Practice engagement?","_rawAnswer":[{"_key":"5eaf37ae8699","_type":"block","children":[{"_key":"f46f51ae297a0","_type":"span","marks":[],"text":"When we work with you, we embed deeply within your team to bring your vision to life. Our founder Michelle leads all client work and partnerships, and is your go-to point of contact throughout the process. Our entire team of designers, strategists, and copywriters is engaged on your project, so you’ll always have a clear idea of you’re working with at every step of the way."}],"markDefs":[],"style":"normal"}],"order":null},{"_key":"71ea988bd3fb","_type":null,"question":"What is a brand audit? ","_rawAnswer":[{"_key":"a42f1af99aae","_type":"block","children":[{"_key":"d67317a67e550","_type":"span","marks":[],"text":"Brand audits are typically the first step in our brand-building process for established brands. An audit allows us to gain crucial insight into the aspects of an existing brand that are helping or hindering the company, which are instrumental in guiding a brand refresh or rebrand. Each audit typically consists of a visual and messaging analysis, a customer survey, and interviews with customers and internal company stakeholders."}],"markDefs":[],"style":"normal"}],"order":null},{"_key":"03abaa7e6819","_type":null,"question":"Do you offer social media marketing and/or management? ","_rawAnswer":[{"_key":"606fe6f2065a","_type":"block","children":[{"_key":"bf377919f5790","_type":"span","marks":[],"text":"We often develop our clients’ foundational social media and content strategies, and will occasionally support our clients in executing these strategies across channels."}],"markDefs":[],"style":"normal"}],"order":null},{"_key":"f69e90d557a7","_type":null,"question":"Do you offer performance marketing? ","_rawAnswer":[{"_key":"34b0d3961220","_type":"block","children":[{"_key":"57626f0475c50","_type":"span","marks":[],"text":"We can build an initial suite for performance marketing teams to implement, but we do not purchase or run ads. However, we deliver digital ads, campaigns, and general marketing support to ensure that your brand is primed for future success following its launch."}],"markDefs":[],"style":"normal"}],"order":null}]}},"context":{}}